"","date","location_key","new_confirmed","new_deceased","new_recovered","new_tested","cumulative_confirmed","cumulative_deceased","cumulative_recovered","cumulative_tested"
"1",2020-03-14,"US_LA_22015",NA,NA,NA,NA,1,0,NA,NA
"2",2020-03-15,"US_LA_22015",0,0,NA,NA,1,0,NA,NA
"3",2020-03-16,"US_LA_22015",0,0,NA,NA,1,0,NA,NA
"4",2020-03-17,"US_LA_22015",0,0,NA,NA,1,0,NA,NA
"5",2020-03-18,"US_LA_22015",1,0,NA,NA,2,0,NA,NA
"6",2020-03-19,"US_LA_22015",2,0,NA,NA,4,0,NA,NA
"7",2020-03-20,"US_LA_22015",1,0,NA,NA,5,0,NA,NA
"8",2020-03-21,"US_LA_22015",0,0,NA,NA,5,0,NA,NA
"9",2020-03-22,"US_LA_22015",0,0,NA,NA,5,0,NA,NA
"10",2020-03-23,"US_LA_22015",7,0,NA,NA,12,0,NA,NA
"11",2020-03-24,"US_LA_22015",0,0,NA,NA,12,0,NA,NA
"12",2020-03-25,"US_LA_22015",13,0,NA,NA,25,0,NA,NA
"13",2020-03-26,"US_LA_22015",7,0,NA,NA,32,0,NA,NA
"14",2020-03-27,"US_LA_22015",5,0,NA,NA,37,0,NA,NA
"15",2020-03-28,"US_LA_22015",8,0,NA,NA,45,0,NA,NA
"16",2020-03-29,"US_LA_22015",11,0,NA,NA,56,0,NA,NA
"17",2020-03-30,"US_LA_22015",1,0,NA,NA,57,0,NA,NA
"18",2020-03-31,"US_LA_22015",6,1,NA,NA,63,1,NA,NA
"19",2020-04-01,"US_LA_22015",12,0,NA,NA,75,1,NA,NA
"20",2020-04-02,"US_LA_22015",12,1,NA,NA,87,2,NA,NA
"21",2020-04-03,"US_LA_22015",8,0,NA,NA,95,2,NA,NA
"22",2020-04-04,"US_LA_22015",31,0,NA,NA,126,2,NA,NA
"23",2020-04-05,"US_LA_22015",7,1,NA,NA,133,3,NA,NA
"24",2020-04-06,"US_LA_22015",6,0,NA,NA,139,3,NA,NA
"25",2020-04-07,"US_LA_22015",7,1,NA,NA,146,4,NA,NA
"26",2020-04-08,"US_LA_22015",13,2,NA,NA,159,6,NA,NA
"27",2020-04-09,"US_LA_22015",12,1,NA,NA,171,7,NA,NA
"28",2020-04-10,"US_LA_22015",4,0,NA,NA,175,7,NA,NA
"29",2020-04-11,"US_LA_22015",3,2,NA,NA,178,9,NA,NA
"30",2020-04-12,"US_LA_22015",8,0,NA,NA,186,9,NA,NA
"31",2020-04-13,"US_LA_22015",2,1,NA,NA,188,10,NA,NA
"32",2020-04-14,"US_LA_22015",19,0,NA,NA,207,10,NA,NA
"33",2020-04-15,"US_LA_22015",4,1,NA,NA,211,11,NA,NA
"34",2020-04-16,"US_LA_22015",9,0,NA,NA,220,11,NA,NA
"35",2020-04-17,"US_LA_22015",10,0,NA,NA,230,11,NA,NA
"36",2020-04-18,"US_LA_22015",0,0,NA,NA,230,11,NA,NA
"37",2020-04-19,"US_LA_22015",3,0,NA,NA,233,11,NA,NA
"38",2020-04-20,"US_LA_22015",0,0,NA,NA,233,11,NA,NA
"39",2020-04-21,"US_LA_22015",8,0,NA,NA,241,11,NA,NA
"40",2020-04-22,"US_LA_22015",5,1,NA,NA,246,12,NA,NA
"41",2020-04-23,"US_LA_22015",9,0,NA,NA,255,12,NA,NA
"42",2020-04-24,"US_LA_22015",3,0,NA,NA,258,12,NA,NA
"43",2020-04-25,"US_LA_22015",7,0,NA,NA,265,12,NA,NA
"44",2020-04-26,"US_LA_22015",5,1,NA,NA,270,13,NA,NA
"45",2020-04-27,"US_LA_22015",4,0,NA,NA,274,13,NA,NA
"46",2020-04-28,"US_LA_22015",3,1,NA,NA,277,14,NA,NA
"47",2020-04-29,"US_LA_22015",8,1,NA,NA,285,15,NA,NA
"48",2020-04-30,"US_LA_22015",1,2,NA,NA,286,17,NA,NA
"49",2020-05-01,"US_LA_22015",1,0,NA,NA,287,17,NA,NA
"50",2020-05-02,"US_LA_22015",5,0,NA,NA,292,17,NA,NA
"51",2020-05-03,"US_LA_22015",3,0,NA,NA,295,17,NA,NA
"52",2020-05-04,"US_LA_22015",5,0,NA,NA,300,17,NA,NA
"53",2020-05-05,"US_LA_22015",0,0,NA,NA,300,17,NA,NA
"54",2020-05-06,"US_LA_22015",3,1,NA,NA,303,18,NA,NA
"55",2020-05-07,"US_LA_22015",4,0,NA,NA,307,18,NA,NA
"56",2020-05-08,"US_LA_22015",1,1,NA,NA,308,19,NA,NA
"57",2020-05-09,"US_LA_22015",2,1,NA,NA,310,20,NA,NA
"58",2020-05-10,"US_LA_22015",0,0,NA,NA,310,20,NA,NA
"59",2020-05-11,"US_LA_22015",2,1,NA,NA,312,21,NA,NA
"60",2020-05-12,"US_LA_22015",1,1,NA,NA,313,22,NA,NA
"61",2020-05-13,"US_LA_22015",11,0,NA,NA,324,22,NA,NA
"62",2020-05-14,"US_LA_22015",3,0,NA,NA,327,22,NA,NA
"63",2020-05-15,"US_LA_22015",9,1,NA,NA,336,23,NA,NA
"64",2020-05-16,"US_LA_22015",6,0,NA,NA,342,23,NA,NA
"65",2020-05-17,"US_LA_22015",2,0,NA,NA,344,23,NA,NA
"66",2020-05-18,"US_LA_22015",2,1,NA,NA,346,24,NA,NA
"67",2020-05-19,"US_LA_22015",2,0,NA,NA,348,24,NA,NA
"68",2020-05-20,"US_LA_22015",5,0,NA,NA,353,24,NA,NA
"69",2020-05-21,"US_LA_22015",21,0,NA,NA,374,24,NA,NA
"70",2020-05-22,"US_LA_22015",6,1,NA,NA,380,25,NA,NA
"71",2020-05-23,"US_LA_22015",1,0,NA,NA,381,25,NA,NA
"72",2020-05-24,"US_LA_22015",1,0,NA,NA,382,25,NA,NA
"73",2020-05-25,"US_LA_22015",16,0,NA,NA,398,25,NA,NA
"74",2020-05-26,"US_LA_22015",0,0,NA,NA,398,25,NA,NA
"75",2020-05-27,"US_LA_22015",4,0,NA,NA,402,25,NA,NA
"76",2020-05-28,"US_LA_22015",4,0,NA,NA,406,25,NA,NA
"77",2020-05-29,"US_LA_22015",0,1,NA,NA,406,26,NA,NA
"78",2020-05-30,"US_LA_22015",6,0,NA,NA,412,26,NA,NA
"79",2020-05-31,"US_LA_22015",3,0,NA,NA,415,26,NA,NA
"80",2020-06-01,"US_LA_22015",1,0,NA,NA,416,26,NA,NA
"81",2020-06-02,"US_LA_22015",5,0,NA,NA,421,26,NA,NA
"82",2020-06-03,"US_LA_22015",4,-1,NA,NA,425,25,NA,NA
"83",2020-06-04,"US_LA_22015",13,0,NA,NA,438,25,NA,NA
"84",2020-06-05,"US_LA_22015",12,0,NA,NA,450,25,NA,NA
"85",2020-06-06,"US_LA_22015",3,0,NA,NA,453,25,NA,NA
"86",2020-06-07,"US_LA_22015",10,1,NA,NA,463,26,NA,NA
"87",2020-06-08,"US_LA_22015",1,0,NA,NA,464,26,NA,NA
"88",2020-06-09,"US_LA_22015",9,0,NA,NA,473,26,NA,NA
"89",2020-06-10,"US_LA_22015",5,0,NA,NA,478,26,NA,NA
"90",2020-06-11,"US_LA_22015",6,0,NA,NA,484,26,NA,NA
"91",2020-06-12,"US_LA_22015",4,0,NA,NA,488,26,NA,NA
"92",2020-06-13,"US_LA_22015",6,1,NA,NA,494,27,NA,NA
"93",2020-06-14,"US_LA_22015",8,1,NA,NA,502,28,NA,NA
"94",2020-06-15,"US_LA_22015",8,0,NA,NA,510,28,NA,NA
"95",2020-06-16,"US_LA_22015",3,0,NA,NA,513,28,NA,NA
"96",2020-06-17,"US_LA_22015",15,0,NA,NA,528,28,NA,NA
"97",2020-06-18,"US_LA_22015",0,0,NA,NA,528,28,NA,NA
"98",2020-06-19,"US_LA_22015",115,0,NA,NA,643,28,NA,NA
"99",2020-06-20,"US_LA_22015",11,0,NA,NA,654,28,NA,NA
"100",2020-06-21,"US_LA_22015",11,0,NA,NA,665,28,NA,NA
"101",2020-06-22,"US_LA_22015",3,0,NA,NA,668,28,NA,NA
"102",2020-06-23,"US_LA_22015",29,0,NA,NA,697,28,NA,NA
"103",2020-06-24,"US_LA_22015",23,0,NA,NA,720,28,NA,NA
"104",2020-06-25,"US_LA_22015",31,0,NA,NA,751,28,NA,NA
"105",2020-06-26,"US_LA_22015",29,1,NA,NA,780,29,NA,NA
"106",2020-06-27,"US_LA_22015",0,0,NA,NA,780,29,NA,NA
"107",2020-06-28,"US_LA_22015",45,0,NA,NA,825,29,NA,NA
"108",2020-06-29,"US_LA_22015",11,0,NA,NA,836,29,NA,NA
"109",2020-06-30,"US_LA_22015",39,1,NA,NA,875,30,NA,NA
"110",2020-07-01,"US_LA_22015",31,1,NA,NA,906,31,NA,NA
"111",2020-07-02,"US_LA_22015",41,1,NA,NA,947,32,NA,NA
"112",2020-07-03,"US_LA_22015",24,1,NA,NA,971,33,NA,NA
"113",2020-07-04,"US_LA_22015",0,0,NA,NA,971,33,NA,NA
"114",2020-07-05,"US_LA_22015",36,2,NA,NA,1007,35,NA,NA
"115",2020-07-06,"US_LA_22015",23,0,NA,NA,1030,35,NA,NA
"116",2020-07-07,"US_LA_22015",69,1,NA,NA,1099,36,NA,NA
"117",2020-07-08,"US_LA_22015",43,0,NA,NA,1142,36,NA,NA
"118",2020-07-09,"US_LA_22015",35,0,NA,NA,1177,36,NA,NA
"119",2020-07-10,"US_LA_22015",42,1,NA,NA,1219,37,NA,NA
"120",2020-07-11,"US_LA_22015",35,1,NA,NA,1254,38,NA,NA
"121",2020-07-12,"US_LA_22015",20,1,NA,NA,1274,39,NA,NA
"122",2020-07-13,"US_LA_22015",41,0,NA,NA,1315,39,NA,NA
"123",2020-07-14,"US_LA_22015",55,0,NA,NA,1370,39,NA,NA
"124",2020-07-15,"US_LA_22015",33,0,NA,NA,1403,39,NA,NA
"125",2020-07-16,"US_LA_22015",29,2,NA,NA,1432,41,NA,NA
"126",2020-07-17,"US_LA_22015",42,2,NA,NA,1474,43,NA,NA
"127",2020-07-18,"US_LA_22015",0,0,NA,NA,1474,43,NA,NA
"128",2020-07-19,"US_LA_22015",90,2,NA,NA,1564,45,NA,NA
"129",2020-07-20,"US_LA_22015",38,2,NA,NA,1602,47,NA,NA
"130",2020-07-21,"US_LA_22015",53,5,NA,NA,1655,52,NA,NA
"131",2020-07-22,"US_LA_22015",46,1,NA,NA,1701,53,NA,NA
"132",2020-07-23,"US_LA_22015",41,0,NA,NA,1742,53,NA,NA
"133",2020-07-24,"US_LA_22015",34,5,NA,NA,1776,58,NA,NA
"134",2020-07-25,"US_LA_22015",0,0,NA,NA,1776,58,NA,NA
"135",2020-07-26,"US_LA_22015",79,2,NA,NA,1855,60,NA,NA
"136",2020-07-27,"US_LA_22015",39,0,NA,NA,1894,60,NA,NA
"137",2020-07-28,"US_LA_22015",32,3,NA,NA,1926,63,NA,NA
"138",2020-07-29,"US_LA_22015",52,1,NA,NA,1978,64,NA,NA
"139",2020-07-30,"US_LA_22015",39,2,NA,NA,2017,66,NA,NA
"140",2020-07-31,"US_LA_22015",37,1,NA,NA,2054,67,NA,NA
"141",2020-08-01,"US_LA_22015",0,0,NA,NA,2054,67,NA,NA
"142",2020-08-02,"US_LA_22015",57,6,NA,NA,2111,73,NA,NA
"143",2020-08-03,"US_LA_22015",7,0,NA,NA,2118,73,NA,NA
"144",2020-08-04,"US_LA_22015",74,0,NA,NA,2192,73,NA,NA
"145",2020-08-05,"US_LA_22015",83,2,NA,NA,2275,75,NA,NA
"146",2020-08-06,"US_LA_22015",20,0,NA,NA,2295,75,NA,NA
"147",2020-08-07,"US_LA_22015",16,4,NA,NA,2311,79,NA,NA
"148",2020-08-08,"US_LA_22015",0,0,NA,NA,2311,79,NA,NA
"149",2020-08-09,"US_LA_22015",22,2,NA,NA,2333,81,NA,NA
"150",2020-08-10,"US_LA_22015",6,0,NA,NA,2339,81,NA,NA
"151",2020-08-11,"US_LA_22015",35,1,NA,NA,2374,82,NA,NA
"152",2020-08-12,"US_LA_22015",16,0,NA,NA,2390,82,NA,NA
"153",2020-08-13,"US_LA_22015",38,0,NA,NA,2428,82,NA,NA
"154",2020-08-14,"US_LA_22015",17,0,NA,NA,2445,82,NA,NA
"155",2020-08-15,"US_LA_22015",0,0,NA,NA,2445,82,NA,NA
"156",2020-08-16,"US_LA_22015",19,2,NA,NA,2464,84,NA,NA
"157",2020-08-17,"US_LA_22015",7,0,NA,NA,2471,84,NA,NA
"158",2020-08-18,"US_LA_22015",17,0,NA,NA,2488,84,NA,NA
"159",2020-08-19,"US_LA_22015",11,1,NA,NA,2499,85,NA,NA
"160",2020-08-20,"US_LA_22015",9,1,NA,NA,2508,86,NA,NA
"161",2020-08-21,"US_LA_22015",12,1,NA,NA,2520,87,NA,NA
"162",2020-08-22,"US_LA_22015",0,0,NA,NA,2520,87,NA,NA
"163",2020-08-23,"US_LA_22015",29,3,NA,NA,2549,90,NA,NA
"164",2020-08-24,"US_LA_22015",8,1,NA,NA,2557,91,NA,NA
"165",2020-08-25,"US_LA_22015",62,1,NA,NA,2619,92,NA,NA
"166",2020-08-26,"US_LA_22015",34,0,NA,NA,2653,92,NA,NA
"167",2020-08-27,"US_LA_22015",14,0,NA,NA,2667,92,NA,NA
"168",2020-08-28,"US_LA_22015",7,0,NA,NA,2674,92,NA,NA
"169",2020-08-29,"US_LA_22015",0,0,NA,NA,2674,92,NA,NA
"170",2020-08-30,"US_LA_22015",19,0,NA,NA,2693,92,NA,NA
"171",2020-08-31,"US_LA_22015",10,0,NA,NA,2703,92,NA,NA
"172",2020-09-01,"US_LA_22015",25,0,NA,NA,2728,92,NA,NA
"173",2020-09-02,"US_LA_22015",4,1,NA,NA,2732,93,NA,NA
"174",2020-09-03,"US_LA_22015",17,1,NA,NA,2749,94,NA,NA
"175",2020-09-04,"US_LA_22015",27,0,NA,NA,2776,94,NA,NA
"176",2020-09-05,"US_LA_22015",0,0,NA,NA,2776,94,NA,NA
"177",2020-09-06,"US_LA_22015",38,3,NA,NA,2814,97,NA,NA
"178",2020-09-07,"US_LA_22015",12,0,NA,NA,2826,97,NA,NA
"179",2020-09-08,"US_LA_22015",10,1,NA,NA,2836,98,NA,NA
"180",2020-09-09,"US_LA_22015",13,0,NA,NA,2849,98,NA,NA
"181",2020-09-10,"US_LA_22015",12,2,NA,NA,2861,100,NA,NA
"182",2020-09-11,"US_LA_22015",33,1,NA,NA,2894,101,NA,NA
"183",2020-09-12,"US_LA_22015",0,0,NA,NA,2894,101,NA,NA
"184",2020-09-13,"US_LA_22015",32,1,NA,NA,2926,102,NA,NA
"185",2020-09-14,"US_LA_22015",16,0,NA,NA,2942,102,NA,NA
"186",2020-09-15,"US_LA_22015",10,1,NA,NA,2952,103,NA,NA
"187",2020-09-16,"US_LA_22015",12,1,NA,NA,2964,104,NA,NA
"188",2020-09-17,"US_LA_22015",41,0,NA,NA,3005,104,NA,NA
"189",2020-09-18,"US_LA_22015",63,0,NA,NA,3068,104,NA,NA
"190",2020-09-19,"US_LA_22015",0,0,NA,NA,3068,104,NA,NA
"191",2020-09-20,"US_LA_22015",51,2,NA,NA,3119,106,NA,NA
"192",2020-09-21,"US_LA_22015",3,0,NA,NA,3122,106,NA,NA
"193",2020-09-22,"US_LA_22015",16,0,NA,NA,3138,106,NA,NA
"194",2020-09-23,"US_LA_22015",43,0,NA,NA,3181,106,NA,NA
"195",2020-09-24,"US_LA_22015",31,-1,NA,NA,3212,105,NA,NA
"196",2020-09-25,"US_LA_22015",29,1,NA,NA,3241,106,NA,NA
"197",2020-09-26,"US_LA_22015",0,0,NA,NA,3241,106,NA,NA
"198",2020-09-27,"US_LA_22015",40,0,NA,NA,3281,106,NA,NA
"199",2020-09-28,"US_LA_22015",22,1,NA,NA,3303,107,NA,NA
"200",2020-09-29,"US_LA_22015",15,0,NA,NA,3318,107,NA,NA
"201",2020-09-30,"US_LA_22015",11,0,NA,NA,3329,107,NA,NA
"202",2020-10-01,"US_LA_22015",39,0,NA,NA,3368,107,NA,NA
"203",2020-10-02,"US_LA_22015",33,1,NA,NA,3401,108,NA,NA
"204",2020-10-03,"US_LA_22015",0,0,NA,NA,3401,108,NA,NA
"205",2020-10-04,"US_LA_22015",16,0,NA,NA,3417,108,NA,NA
"206",2020-10-05,"US_LA_22015",10,0,NA,NA,3427,108,NA,NA
"207",2020-10-06,"US_LA_22015",46,0,NA,NA,3473,108,NA,NA
"208",2020-10-07,"US_LA_22015",18,2,NA,NA,3491,110,NA,NA
"209",2020-10-08,"US_LA_22015",33,0,NA,NA,3524,110,NA,NA
"210",2020-10-09,"US_LA_22015",10,0,NA,NA,3534,110,NA,NA
"211",2020-10-10,"US_LA_22015",0,0,NA,NA,3534,110,NA,NA
"212",2020-10-11,"US_LA_22015",68,0,NA,NA,3602,110,NA,NA
"213",2020-10-12,"US_LA_22015",5,1,NA,NA,3607,111,NA,NA
"214",2020-10-13,"US_LA_22015",67,0,NA,NA,3674,111,NA,NA
"215",2020-10-14,"US_LA_22015",18,0,NA,NA,3692,111,NA,NA
"216",2020-10-15,"US_LA_22015",69,0,NA,NA,3761,111,NA,NA
"217",2020-10-16,"US_LA_22015",60,1,NA,NA,3821,112,NA,NA
"218",2020-10-17,"US_LA_22015",0,0,NA,NA,3821,112,NA,NA
"219",2020-10-18,"US_LA_22015",73,3,NA,NA,3894,115,NA,NA
"220",2020-10-19,"US_LA_22015",15,1,NA,NA,3909,116,NA,NA
"221",2020-10-20,"US_LA_22015",74,1,NA,NA,3983,117,NA,NA
"222",2020-10-21,"US_LA_22015",40,0,NA,NA,4023,117,NA,NA
"223",2020-10-22,"US_LA_22015",59,0,NA,NA,4082,117,NA,NA
"224",2020-10-23,"US_LA_22015",47,0,NA,NA,4129,117,NA,NA
"225",2020-10-24,"US_LA_22015",0,0,NA,NA,4129,117,NA,NA
"226",2020-10-25,"US_LA_22015",59,0,NA,NA,4188,117,NA,NA
"227",2020-10-26,"US_LA_22015",24,3,NA,NA,4212,120,NA,NA
"228",2020-10-27,"US_LA_22015",47,0,NA,NA,4259,120,NA,NA
"229",2020-10-28,"US_LA_22015",27,0,NA,NA,4286,120,NA,NA
"230",2020-10-29,"US_LA_22015",36,1,NA,NA,4322,121,NA,NA
"231",2020-10-30,"US_LA_22015",17,0,NA,NA,4339,121,NA,NA
"232",2020-10-31,"US_LA_22015",0,0,NA,NA,4339,121,NA,NA
"233",2020-11-01,"US_LA_22015",42,1,NA,NA,4381,122,NA,NA
"234",2020-11-02,"US_LA_22015",18,0,NA,NA,4399,122,NA,NA
"235",2020-11-03,"US_LA_22015",47,1,NA,NA,4446,123,NA,NA
"236",2020-11-04,"US_LA_22015",22,0,NA,NA,4468,123,NA,NA
"237",2020-11-05,"US_LA_22015",82,1,NA,NA,4550,124,NA,NA
"238",2020-11-06,"US_LA_22015",22,1,NA,NA,4572,125,NA,NA
"239",2020-11-07,"US_LA_22015",0,0,NA,NA,4572,125,NA,NA
"240",2020-11-08,"US_LA_22015",64,1,NA,NA,4636,126,NA,NA
"241",2020-11-09,"US_LA_22015",24,0,NA,NA,4660,126,NA,NA
"242",2020-11-10,"US_LA_22015",57,1,NA,NA,4717,127,NA,NA
"243",2020-11-11,"US_LA_22015",0,0,NA,NA,4717,127,NA,NA
"244",2020-11-12,"US_LA_22015",100,0,NA,NA,4817,127,NA,NA
"245",2020-11-13,"US_LA_22015",282,12,NA,NA,5099,139,NA,NA
"246",2020-11-14,"US_LA_22015",0,0,NA,NA,5099,139,NA,NA
"247",2020-11-15,"US_LA_22015",87,0,NA,NA,5186,139,NA,NA
"248",2020-11-16,"US_LA_22015",7,0,NA,NA,5193,139,NA,NA
"249",2020-11-17,"US_LA_22015",102,2,NA,NA,5295,141,NA,NA
"250",2020-11-18,"US_LA_22015",129,0,NA,NA,5424,141,NA,NA
"251",2020-11-19,"US_LA_22015",201,0,NA,NA,5625,141,NA,NA
"252",2020-11-20,"US_LA_22015",149,3,NA,NA,5774,144,NA,NA
"253",2020-11-21,"US_LA_22015",0,0,NA,NA,5774,144,NA,NA
"254",2020-11-22,"US_LA_22015",126,1,NA,NA,5900,145,NA,NA
"255",2020-11-23,"US_LA_22015",16,2,NA,NA,5916,147,NA,NA
"256",2020-11-24,"US_LA_22015",118,0,NA,NA,6034,147,NA,NA
"257",2020-11-25,"US_LA_22015",45,2,NA,NA,6079,149,NA,NA
"258",2020-11-26,"US_LA_22015",0,0,NA,NA,6079,149,NA,NA
"259",2020-11-27,"US_LA_22015",165,3,NA,NA,6244,152,NA,NA
"260",2020-11-28,"US_LA_22015",0,0,NA,NA,6244,152,NA,NA
"261",2020-11-29,"US_LA_22015",42,0,NA,NA,6286,152,NA,NA
"262",2020-11-30,"US_LA_22015",3,1,NA,NA,6289,153,NA,NA
"263",2020-12-01,"US_LA_22015",121,3,NA,NA,6410,156,NA,NA
"264",2020-12-02,"US_LA_22015",118,2,NA,NA,6528,158,NA,NA
"265",2020-12-03,"US_LA_22015",68,0,NA,NA,6596,158,NA,NA
"266",2020-12-04,"US_LA_22015",138,0,NA,NA,6734,158,NA,NA
"267",2020-12-05,"US_LA_22015",0,0,NA,NA,6734,158,NA,NA
"268",2020-12-06,"US_LA_22015",141,0,NA,NA,6875,158,NA,NA
"269",2020-12-07,"US_LA_22015",22,1,NA,NA,6897,159,NA,NA
"270",2020-12-08,"US_LA_22015",79,1,NA,NA,6976,160,NA,NA
"271",2020-12-09,"US_LA_22015",86,3,NA,NA,7062,163,NA,NA
"272",2020-12-10,"US_LA_22015",83,0,NA,NA,7145,163,NA,NA
"273",2020-12-11,"US_LA_22015",92,0,NA,NA,7237,163,NA,NA
"274",2020-12-12,"US_LA_22015",0,0,NA,NA,7237,163,NA,NA
"275",2020-12-13,"US_LA_22015",147,1,NA,NA,7384,164,NA,NA
"276",2020-12-14,"US_LA_22015",10,6,NA,NA,7394,170,NA,NA
"277",2020-12-15,"US_LA_22015",61,0,NA,NA,7455,170,NA,NA
"278",2020-12-16,"US_LA_22015",114,0,NA,NA,7569,170,NA,NA
"279",2020-12-17,"US_LA_22015",143,0,NA,NA,7712,170,NA,NA
"280",2020-12-18,"US_LA_22015",89,0,NA,NA,7801,170,NA,NA
"281",2020-12-19,"US_LA_22015",0,0,NA,NA,7801,170,NA,NA
"282",2020-12-20,"US_LA_22015",190,7,NA,NA,7991,177,NA,NA
"283",2020-12-21,"US_LA_22015",35,8,NA,NA,8026,185,NA,NA
"284",2020-12-22,"US_LA_22015",86,2,NA,NA,8112,187,NA,NA
"285",2020-12-23,"US_LA_22015",132,-1,NA,NA,8244,186,NA,NA
"286",2020-12-24,"US_LA_22015",53,2,NA,NA,8297,188,NA,NA
"287",2020-12-25,"US_LA_22015",0,0,NA,NA,8297,188,NA,NA
"288",2020-12-26,"US_LA_22015",0,0,NA,NA,8297,188,NA,NA
"289",2020-12-27,"US_LA_22015",181,2,NA,NA,8478,190,NA,NA
"290",2020-12-28,"US_LA_22015",19,3,NA,NA,8497,193,NA,NA
"291",2020-12-29,"US_LA_22015",118,1,NA,NA,8615,194,NA,NA
"292",2020-12-30,"US_LA_22015",253,0,NA,NA,8868,194,NA,NA
"293",2020-12-31,"US_LA_22015",111,5,NA,NA,8979,199,NA,NA
"294",2021-01-01,"US_LA_22015",0,0,NA,NA,8979,199,NA,NA
"295",2021-01-02,"US_LA_22015",0,0,NA,NA,8979,199,NA,NA
"296",2021-01-03,"US_LA_22015",165,0,NA,NA,9144,199,NA,NA
"297",2021-01-04,"US_LA_22015",19,1,NA,NA,9163,200,NA,NA
"298",2021-01-05,"US_LA_22015",198,1,NA,NA,9361,201,NA,NA
"299",2021-01-06,"US_LA_22015",158,2,NA,NA,9519,203,NA,NA
"300",2021-01-07,"US_LA_22015",75,1,NA,NA,9594,204,NA,NA
"301",2021-01-08,"US_LA_22015",101,3,NA,NA,9695,207,NA,NA
"302",2021-01-09,"US_LA_22015",0,0,NA,NA,9695,207,NA,NA
"303",2021-01-10,"US_LA_22015",373,1,NA,NA,10068,208,NA,NA
"304",2021-01-11,"US_LA_22015",34,2,NA,NA,10102,210,NA,NA
"305",2021-01-12,"US_LA_22015",158,0,NA,NA,10260,210,NA,NA
"306",2021-01-13,"US_LA_22015",108,0,NA,NA,10368,210,NA,NA
"307",2021-01-14,"US_LA_22015",87,1,NA,NA,10455,211,NA,NA
"308",2021-01-15,"US_LA_22015",103,0,NA,NA,10558,211,NA,NA
"309",2021-01-16,"US_LA_22015",0,0,NA,NA,10558,211,NA,NA
"310",2021-01-17,"US_LA_22015",90,2,NA,NA,10648,213,NA,NA
"311",2021-01-18,"US_LA_22015",14,4,NA,NA,10662,217,NA,NA
"312",2021-01-19,"US_LA_22015",50,5,NA,NA,10712,222,NA,NA
"313",2021-01-20,"US_LA_22015",114,2,NA,NA,10826,224,NA,NA
"314",2021-01-21,"US_LA_22015",127,1,NA,NA,10953,225,NA,NA
"315",2021-01-22,"US_LA_22015",78,0,NA,NA,11031,225,NA,NA
"316",2021-01-23,"US_LA_22015",0,0,NA,NA,11031,225,NA,NA
"317",2021-01-24,"US_LA_22015",199,7,NA,NA,11230,232,NA,NA
"318",2021-01-25,"US_LA_22015",48,1,NA,NA,11278,233,NA,NA
"319",2021-01-26,"US_LA_22015",105,1,NA,NA,11383,234,NA,NA
"320",2021-01-27,"US_LA_22015",131,0,NA,NA,11514,234,NA,NA
"321",2021-01-28,"US_LA_22015",86,0,NA,NA,11600,234,NA,NA
"322",2021-01-29,"US_LA_22015",95,1,NA,NA,11695,235,NA,NA
"323",2021-01-30,"US_LA_22015",0,0,NA,NA,11695,235,NA,NA
"324",2021-01-31,"US_LA_22015",138,2,NA,NA,11833,237,NA,NA
"325",2021-02-01,"US_LA_22015",32,6,NA,NA,11865,243,NA,NA
"326",2021-02-02,"US_LA_22015",120,0,NA,NA,11985,243,NA,NA
"327",2021-02-03,"US_LA_22015",120,0,NA,NA,12105,243,NA,NA
"328",2021-02-04,"US_LA_22015",280,2,NA,NA,12385,245,NA,NA
"329",2021-02-05,"US_LA_22015",37,1,NA,NA,12422,246,NA,NA
"330",2021-02-06,"US_LA_22015",0,0,NA,NA,12422,246,NA,NA
"331",2021-02-07,"US_LA_22015",67,1,NA,NA,12489,247,NA,NA
"332",2021-02-08,"US_LA_22015",58,2,NA,NA,12547,249,NA,NA
"333",2021-02-09,"US_LA_22015",57,0,NA,NA,12604,249,NA,NA
"334",2021-02-10,"US_LA_22015",4,2,NA,NA,12608,251,NA,NA
"335",2021-02-11,"US_LA_22015",94,0,NA,NA,12702,251,NA,NA
"336",2021-02-12,"US_LA_22015",39,2,NA,NA,12741,253,NA,NA
"337",2021-02-13,"US_LA_22015",0,0,NA,NA,12741,253,NA,NA
"338",2021-02-14,"US_LA_22015",44,0,NA,NA,12785,253,NA,NA
"339",2021-02-15,"US_LA_22015",22,2,NA,NA,12807,255,NA,NA
"340",2021-02-16,"US_LA_22015",0,0,NA,NA,12807,255,NA,NA
"341",2021-02-17,"US_LA_22015",20,1,NA,NA,12827,256,NA,NA
"342",2021-02-18,"US_LA_22015",15,0,NA,NA,12842,256,NA,NA
"343",2021-02-19,"US_LA_22015",10,0,NA,NA,12852,256,NA,NA
"344",2021-02-20,"US_LA_22015",0,0,NA,NA,12852,256,NA,NA
"345",2021-02-21,"US_LA_22015",29,0,NA,NA,12881,256,NA,NA
"346",2021-02-22,"US_LA_22015",-12,0,NA,NA,12869,256,NA,NA
"347",2021-02-23,"US_LA_22015",51,1,NA,NA,12920,257,NA,NA
"348",2021-02-24,"US_LA_22015",24,2,NA,NA,12944,259,NA,NA
"349",2021-02-25,"US_LA_22015",20,0,NA,NA,12964,259,NA,NA
"350",2021-02-26,"US_LA_22015",16,2,NA,NA,12980,261,NA,NA
"351",2021-02-27,"US_LA_22015",0,0,NA,NA,12980,261,NA,NA
"352",2021-02-28,"US_LA_22015",30,0,NA,NA,13010,261,NA,NA
"353",2021-03-01,"US_LA_22015",24,1,NA,NA,13034,262,NA,NA
"354",2021-03-02,"US_LA_22015",1,2,NA,NA,13035,264,NA,NA
"355",2021-03-03,"US_LA_22015",13,0,NA,NA,13048,264,NA,NA
"356",2021-03-04,"US_LA_22015",13,0,NA,NA,13061,264,NA,NA
"357",2021-03-05,"US_LA_22015",0,0,NA,NA,13061,264,NA,NA
"358",2021-03-06,"US_LA_22015",0,0,NA,NA,13061,264,NA,NA
"359",2021-03-07,"US_LA_22015",10,5,NA,NA,13071,269,NA,NA
"360",2021-03-08,"US_LA_22015",13,3,NA,NA,13084,272,NA,NA
"361",2021-03-09,"US_LA_22015",10,1,NA,NA,13094,273,NA,NA
"362",2021-03-10,"US_LA_22015",16,2,NA,NA,13110,275,NA,NA
"363",2021-03-11,"US_LA_22015",2,1,NA,NA,13112,276,NA,NA
"364",2021-03-12,"US_LA_22015",27,1,NA,NA,13139,277,NA,NA
"365",2021-03-13,"US_LA_22015",0,0,NA,NA,13139,277,NA,NA
"366",2021-03-14,"US_LA_22015",-1,1,NA,NA,13138,278,NA,NA
"367",2021-03-15,"US_LA_22015",13,0,NA,NA,13151,278,NA,NA
"368",2021-03-16,"US_LA_22015",8,2,NA,NA,13159,280,NA,NA
"369",2021-03-17,"US_LA_22015",15,1,NA,NA,13174,281,NA,NA
"370",2021-03-18,"US_LA_22015",-3,0,NA,NA,13171,281,NA,NA
"371",2021-03-19,"US_LA_22015",14,1,NA,NA,13185,282,NA,NA
"372",2021-03-20,"US_LA_22015",0,0,NA,NA,13185,282,NA,NA
"373",2021-03-21,"US_LA_22015",0,0,NA,NA,13185,282,NA,NA
"374",2021-03-22,"US_LA_22015",7,2,NA,NA,13192,284,NA,NA
"375",2021-03-23,"US_LA_22015",15,1,NA,NA,13207,285,NA,NA
"376",2021-03-24,"US_LA_22015",5,1,NA,NA,13212,286,NA,NA
"377",2021-03-25,"US_LA_22015",-2,0,NA,NA,13210,286,NA,NA
"378",2021-03-26,"US_LA_22015",31,1,NA,NA,13241,287,NA,NA
"379",2021-03-27,"US_LA_22015",0,0,NA,NA,13241,287,NA,NA
"380",2021-03-28,"US_LA_22015",0,0,NA,NA,13241,287,NA,NA
"381",2021-03-29,"US_LA_22015",19,2,NA,NA,13260,289,NA,NA
"382",2021-03-30,"US_LA_22015",10,0,NA,NA,13270,289,NA,NA
"383",2021-03-31,"US_LA_22015",6,0,NA,NA,13276,289,NA,NA
"384",2021-04-01,"US_LA_22015",-2,0,NA,NA,13274,289,NA,NA
"385",2021-04-02,"US_LA_22015",0,0,NA,NA,13274,289,NA,NA
"386",2021-04-03,"US_LA_22015",0,0,NA,NA,13274,289,NA,NA
"387",2021-04-04,"US_LA_22015",0,0,NA,NA,13274,289,NA,NA
"388",2021-04-05,"US_LA_22015",30,0,NA,NA,13304,289,NA,NA
"389",2021-04-06,"US_LA_22015",-1,0,NA,NA,13303,289,NA,NA
"390",2021-04-07,"US_LA_22015",82,0,NA,NA,13385,289,NA,NA
"391",2021-04-08,"US_LA_22015",15,1,NA,NA,13400,290,NA,NA
"392",2021-04-09,"US_LA_22015",15,0,NA,NA,13415,290,NA,NA
"393",2021-04-10,"US_LA_22015",0,0,NA,NA,13415,290,NA,NA
"394",2021-04-11,"US_LA_22015",0,0,NA,NA,13415,290,NA,NA
"395",2021-04-12,"US_LA_22015",54,0,NA,NA,13469,290,NA,NA
"396",2021-04-13,"US_LA_22015",10,0,NA,NA,13479,290,NA,NA
"397",2021-04-14,"US_LA_22015",16,0,NA,NA,13495,290,NA,NA
"398",2021-04-15,"US_LA_22015",14,1,NA,NA,13509,291,NA,NA
"399",2021-04-16,"US_LA_22015",15,0,NA,NA,13524,291,NA,NA
"400",2021-04-17,"US_LA_22015",0,0,NA,NA,13524,291,NA,NA
"401",2021-04-18,"US_LA_22015",0,0,NA,NA,13524,291,NA,NA
"402",2021-04-19,"US_LA_22015",49,0,NA,NA,13573,291,NA,NA
"403",2021-04-20,"US_LA_22015",-2,0,NA,NA,13571,291,NA,NA
"404",2021-04-21,"US_LA_22015",19,1,NA,NA,13590,292,NA,NA
"405",2021-04-22,"US_LA_22015",17,1,NA,NA,13607,293,NA,NA
"406",2021-04-23,"US_LA_22015",38,1,NA,NA,13645,294,NA,NA
"407",2021-04-24,"US_LA_22015",0,0,NA,NA,13645,294,NA,NA
"408",2021-04-25,"US_LA_22015",0,0,NA,NA,13645,294,NA,NA
"409",2021-04-26,"US_LA_22015",30,0,NA,NA,13675,294,NA,NA
"410",2021-04-27,"US_LA_22015",12,0,NA,NA,13687,294,NA,NA
"411",2021-04-28,"US_LA_22015",27,2,NA,NA,13714,296,NA,NA
"412",2021-04-29,"US_LA_22015",9,1,NA,NA,13723,297,NA,NA
"413",2021-04-30,"US_LA_22015",29,1,NA,NA,13752,298,NA,NA
"414",2021-05-01,"US_LA_22015",0,0,NA,NA,13752,298,NA,NA
"415",2021-05-02,"US_LA_22015",0,0,NA,NA,13752,298,NA,NA
"416",2021-05-03,"US_LA_22015",33,0,NA,NA,13785,298,NA,NA
"417",2021-05-04,"US_LA_22015",9,0,NA,NA,13794,298,NA,NA
"418",2021-05-05,"US_LA_22015",23,0,NA,NA,13817,298,NA,NA
"419",2021-05-06,"US_LA_22015",19,0,NA,NA,13836,298,NA,NA
"420",2021-05-07,"US_LA_22015",11,1,NA,NA,13847,299,NA,NA
"421",2021-05-08,"US_LA_22015",0,0,NA,NA,13847,299,NA,NA
"422",2021-05-09,"US_LA_22015",0,0,NA,NA,13847,299,NA,NA
"423",2021-05-10,"US_LA_22015",47,0,NA,NA,13894,299,NA,NA
"424",2021-05-11,"US_LA_22015",10,1,NA,NA,13904,300,NA,NA
"425",2021-05-12,"US_LA_22015",30,0,NA,NA,13934,300,NA,NA
"426",2021-05-13,"US_LA_22015",-3,0,NA,NA,13931,300,NA,NA
"427",2021-05-14,"US_LA_22015",27,0,NA,NA,13958,300,NA,NA
"428",2021-05-15,"US_LA_22015",0,0,NA,NA,13958,300,NA,NA
"429",2021-05-16,"US_LA_22015",0,0,NA,NA,13958,300,NA,NA
"430",2021-05-17,"US_LA_22015",44,1,NA,NA,14002,301,NA,NA
"431",2021-05-18,"US_LA_22015",3,2,NA,NA,14005,303,NA,NA
"432",2021-05-19,"US_LA_22015",37,0,NA,NA,14042,303,NA,NA
"433",2021-05-20,"US_LA_22015",-9,0,NA,NA,14033,303,NA,NA
"434",2021-05-21,"US_LA_22015",26,0,NA,NA,14059,303,NA,NA
"435",2021-05-22,"US_LA_22015",0,0,NA,NA,14059,303,NA,NA
"436",2021-05-23,"US_LA_22015",0,0,NA,NA,14059,303,NA,NA
"437",2021-05-24,"US_LA_22015",17,0,NA,NA,14076,303,NA,NA
"438",2021-05-25,"US_LA_22015",29,1,NA,NA,14105,304,NA,NA
"439",2021-05-26,"US_LA_22015",-1,2,NA,NA,14104,306,NA,NA
"440",2021-05-27,"US_LA_22015",13,0,NA,NA,14117,306,NA,NA
"441",2021-05-28,"US_LA_22015",6,0,NA,NA,14123,306,NA,NA
"442",2021-05-29,"US_LA_22015",0,0,NA,NA,14123,306,NA,NA
"443",2021-05-30,"US_LA_22015",0,0,NA,NA,14123,306,NA,NA
"444",2021-05-31,"US_LA_22015",0,0,NA,NA,14123,306,NA,NA
"445",2021-06-01,"US_LA_22015",86,0,NA,NA,14209,306,NA,NA
"446",2021-06-02,"US_LA_22015",9,0,NA,NA,14218,306,NA,NA
"447",2021-06-03,"US_LA_22015",23,0,NA,NA,14241,306,NA,NA
"448",2021-06-04,"US_LA_22015",12,0,NA,NA,14253,306,NA,NA
"449",2021-06-05,"US_LA_22015",0,0,NA,NA,14253,306,NA,NA
"450",2021-06-06,"US_LA_22015",0,0,NA,NA,14253,306,NA,NA
"451",2021-06-07,"US_LA_22015",14,0,NA,NA,14267,306,NA,NA
"452",2021-06-08,"US_LA_22015",1,0,NA,NA,14268,306,NA,NA
"453",2021-06-09,"US_LA_22015",8,0,NA,NA,14276,306,NA,NA
"454",2021-06-10,"US_LA_22015",16,1,NA,NA,14292,307,NA,NA
"455",2021-06-11,"US_LA_22015",9,1,NA,NA,14301,308,NA,NA
"456",2021-06-12,"US_LA_22015",0,0,NA,NA,14301,308,NA,NA
"457",2021-06-13,"US_LA_22015",0,0,NA,NA,14301,308,NA,NA
"458",2021-06-14,"US_LA_22015",15,0,NA,NA,14316,308,NA,NA
"459",2021-06-15,"US_LA_22015",20,0,NA,NA,14336,308,NA,NA
"460",2021-06-16,"US_LA_22015",15,1,NA,NA,14351,309,NA,NA
"461",2021-06-17,"US_LA_22015",13,0,NA,NA,14364,309,NA,NA
"462",2021-06-18,"US_LA_22015",11,0,NA,NA,14375,309,NA,NA
"463",2021-06-19,"US_LA_22015",0,0,NA,NA,14375,309,NA,NA
"464",2021-06-20,"US_LA_22015",0,0,NA,NA,14375,309,NA,NA
"465",2021-06-21,"US_LA_22015",13,1,NA,NA,14388,310,NA,NA
"466",2021-06-22,"US_LA_22015",12,0,NA,NA,14400,310,NA,NA
"467",2021-06-23,"US_LA_22015",3,0,NA,NA,14403,310,NA,NA
"468",2021-06-24,"US_LA_22015",4,0,NA,NA,14407,310,NA,NA
"469",2021-06-25,"US_LA_22015",2,0,NA,NA,14409,310,NA,NA
"470",2021-06-26,"US_LA_22015",0,0,NA,NA,14409,310,NA,NA
"471",2021-06-27,"US_LA_22015",0,0,NA,NA,14409,310,NA,NA
"472",2021-06-28,"US_LA_22015",29,0,NA,NA,14438,310,NA,NA
"473",2021-06-29,"US_LA_22015",26,0,NA,NA,14464,310,NA,NA
"474",2021-06-30,"US_LA_22015",14,0,NA,NA,14478,310,NA,NA
"475",2021-07-01,"US_LA_22015",7,1,NA,NA,14485,311,NA,NA
"476",2021-07-02,"US_LA_22015",3,-1,NA,NA,14488,310,NA,NA
"477",2021-07-03,"US_LA_22015",0,0,NA,NA,14488,310,NA,NA
"478",2021-07-04,"US_LA_22015",0,0,NA,NA,14488,310,NA,NA
"479",2021-07-05,"US_LA_22015",0,0,NA,NA,14488,310,NA,NA
"480",2021-07-06,"US_LA_22015",56,0,NA,NA,14544,310,NA,NA
"481",2021-07-07,"US_LA_22015",25,0,NA,NA,14569,310,NA,NA
"482",2021-07-08,"US_LA_22015",9,0,NA,NA,14578,310,NA,NA
"483",2021-07-09,"US_LA_22015",32,0,NA,NA,14610,310,NA,NA
"484",2021-07-10,"US_LA_22015",0,0,NA,NA,14610,310,NA,NA
"485",2021-07-11,"US_LA_22015",0,0,NA,NA,14610,310,NA,NA
"486",2021-07-12,"US_LA_22015",61,1,NA,NA,14671,311,NA,NA
"487",2021-07-13,"US_LA_22015",57,0,NA,NA,14728,311,NA,NA
"488",2021-07-14,"US_LA_22015",31,0,NA,NA,14759,311,NA,NA
"489",2021-07-15,"US_LA_22015",37,0,NA,NA,14796,311,NA,NA
"490",2021-07-16,"US_LA_22015",64,1,NA,NA,14860,312,NA,NA
"491",2021-07-17,"US_LA_22015",0,0,NA,NA,14860,312,NA,NA
"492",2021-07-18,"US_LA_22015",0,0,NA,NA,14860,312,NA,NA
"493",2021-07-19,"US_LA_22015",79,0,NA,NA,14939,312,NA,NA
"494",2021-07-20,"US_LA_22015",35,0,NA,NA,14974,312,NA,NA
"495",2021-07-21,"US_LA_22015",92,0,NA,NA,15066,312,NA,NA
"496",2021-07-22,"US_LA_22015",50,0,NA,NA,15116,312,NA,NA
"497",2021-07-23,"US_LA_22015",63,1,NA,NA,15179,313,NA,NA
"498",2021-07-24,"US_LA_22015",0,0,NA,NA,15179,313,NA,NA
"499",2021-07-25,"US_LA_22015",0,0,NA,NA,15179,313,NA,NA
"500",2021-07-26,"US_LA_22015",130,0,NA,NA,15309,313,NA,NA
"501",2021-07-27,"US_LA_22015",103,0,NA,NA,15412,313,NA,NA
"502",2021-07-28,"US_LA_22015",61,0,NA,NA,15473,313,NA,NA
"503",2021-07-29,"US_LA_22015",76,1,NA,NA,15549,314,NA,NA
"504",2021-07-30,"US_LA_22015",108,0,NA,NA,15657,314,NA,NA
"505",2021-07-31,"US_LA_22015",0,0,NA,NA,15657,314,NA,NA
"506",2021-08-01,"US_LA_22015",0,0,NA,NA,15657,314,NA,NA
"507",2021-08-02,"US_LA_22015",190,2,NA,NA,15847,316,NA,NA
"508",2021-08-03,"US_LA_22015",87,1,NA,NA,15934,317,NA,NA
"509",2021-08-04,"US_LA_22015",80,0,NA,NA,16014,317,NA,NA
"510",2021-08-05,"US_LA_22015",139,0,NA,NA,16153,317,NA,NA
"511",2021-08-06,"US_LA_22015",86,0,NA,NA,16239,317,NA,NA
"512",2021-08-07,"US_LA_22015",0,0,NA,NA,16239,317,NA,NA
"513",2021-08-08,"US_LA_22015",0,0,NA,NA,16239,317,NA,NA
"514",2021-08-09,"US_LA_22015",319,0,NA,NA,16558,317,NA,NA
"515",2021-08-10,"US_LA_22015",179,6,NA,NA,16737,323,NA,NA
"516",2021-08-11,"US_LA_22015",133,1,NA,NA,16870,324,NA,NA
"517",2021-08-12,"US_LA_22015",183,1,NA,NA,17053,325,NA,NA
"518",2021-08-13,"US_LA_22015",123,0,NA,NA,17176,325,NA,NA
"519",2021-08-14,"US_LA_22015",0,0,NA,NA,17176,325,NA,NA
"520",2021-08-15,"US_LA_22015",0,0,NA,NA,17176,325,NA,NA
"521",2021-08-16,"US_LA_22015",329,1,NA,NA,17505,326,NA,NA
"522",2021-08-17,"US_LA_22015",131,2,NA,NA,17636,328,NA,NA
"523",2021-08-18,"US_LA_22015",141,0,NA,NA,17777,328,NA,NA
"524",2021-08-19,"US_LA_22015",122,2,NA,NA,17899,330,NA,NA
"525",2021-08-20,"US_LA_22015",227,2,NA,NA,18126,332,NA,NA
"526",2021-08-21,"US_LA_22015",0,0,NA,NA,18126,332,NA,NA
"527",2021-08-22,"US_LA_22015",0,0,NA,NA,18126,332,NA,NA
"528",2021-08-23,"US_LA_22015",285,0,NA,NA,18411,332,NA,NA
"529",2021-08-24,"US_LA_22015",111,4,NA,NA,18522,336,NA,NA
"530",2021-08-25,"US_LA_22015",237,3,NA,NA,18759,339,NA,NA
"531",2021-08-26,"US_LA_22015",106,1,NA,NA,18865,340,NA,NA
"532",2021-08-27,"US_LA_22015",155,0,NA,NA,19020,340,NA,NA
"533",2021-08-28,"US_LA_22015",0,0,NA,NA,19020,340,NA,NA
"534",2021-08-29,"US_LA_22015",0,0,NA,NA,19020,340,NA,NA
"535",2021-08-30,"US_LA_22015",0,0,NA,NA,19020,340,NA,NA
"536",2021-08-31,"US_LA_22015",0,0,NA,NA,19020,340,NA,NA
"537",2021-09-01,"US_LA_22015",445,6,NA,NA,19465,346,NA,NA
"538",2021-09-02,"US_LA_22015",74,4,NA,NA,19539,350,NA,NA
"539",2021-09-03,"US_LA_22015",99,1,NA,NA,19638,351,NA,NA
"540",2021-09-04,"US_LA_22015",0,0,NA,NA,19638,351,NA,NA
"541",2021-09-05,"US_LA_22015",0,0,NA,NA,19638,351,NA,NA
"542",2021-09-06,"US_LA_22015",0,0,NA,NA,19638,351,NA,NA
"543",2021-09-07,"US_LA_22015",314,2,NA,NA,19952,353,NA,NA
"544",2021-09-08,"US_LA_22015",71,1,NA,NA,20023,354,NA,NA
"545",2021-09-09,"US_LA_22015",111,6,NA,NA,20134,360,NA,NA
"546",2021-09-10,"US_LA_22015",61,0,NA,NA,20195,360,NA,NA
"547",2021-09-11,"US_LA_22015",0,0,NA,NA,20195,360,NA,NA
"548",2021-09-12,"US_LA_22015",0,0,NA,NA,20195,360,NA,NA
"549",2021-09-13,"US_LA_22015",177,3,NA,NA,20372,363,NA,NA
"550",2021-09-14,"US_LA_22015",55,2,NA,NA,20427,365,NA,NA
"551",2021-09-15,"US_LA_22015",54,1,NA,NA,20481,366,NA,NA
"552",2021-09-16,"US_LA_22015",68,0,NA,NA,20549,366,NA,NA
"553",2021-09-17,"US_LA_22015",55,0,NA,NA,20604,366,NA,NA
"554",2021-09-18,"US_LA_22015",0,0,NA,NA,20604,366,NA,NA
"555",2021-09-19,"US_LA_22015",0,0,NA,NA,20604,366,NA,NA
"556",2021-09-20,"US_LA_22015",106,0,NA,NA,20710,366,NA,NA
"557",2021-09-21,"US_LA_22015",49,0,NA,NA,20759,366,NA,NA
"558",2021-09-22,"US_LA_22015",44,8,NA,NA,20803,374,NA,NA
"559",2021-09-23,"US_LA_22015",62,1,NA,NA,20865,375,NA,NA
"560",2021-09-24,"US_LA_22015",32,0,NA,NA,20897,375,NA,NA
"561",2021-09-25,"US_LA_22015",0,0,NA,NA,20897,375,NA,NA
"562",2021-09-26,"US_LA_22015",0,0,NA,NA,20897,375,NA,NA
"563",2021-09-27,"US_LA_22015",97,0,NA,NA,20994,375,NA,NA
"564",2021-09-28,"US_LA_22015",28,2,NA,NA,21022,377,NA,NA
"565",2021-09-29,"US_LA_22015",36,1,NA,NA,21058,378,NA,NA
"566",2021-09-30,"US_LA_22015",57,1,NA,NA,21115,379,NA,NA
"567",2021-10-01,"US_LA_22015",41,1,NA,NA,21156,380,NA,NA
"568",2021-10-02,"US_LA_22015",0,0,NA,NA,21156,380,NA,NA
"569",2021-10-03,"US_LA_22015",0,0,NA,NA,21156,380,NA,NA
"570",2021-10-04,"US_LA_22015",75,2,NA,NA,21231,382,NA,NA
"571",2021-10-05,"US_LA_22015",32,3,NA,NA,21263,385,NA,NA
"572",2021-10-06,"US_LA_22015",31,0,NA,NA,21294,385,NA,NA
"573",2021-10-07,"US_LA_22015",24,3,NA,NA,21318,388,NA,NA
"574",2021-10-08,"US_LA_22015",48,2,NA,NA,21366,390,NA,NA
"575",2021-10-09,"US_LA_22015",0,0,NA,NA,21366,390,NA,NA
"576",2021-10-10,"US_LA_22015",0,0,NA,NA,21366,390,NA,NA
"577",2021-10-11,"US_LA_22015",66,0,NA,NA,21432,390,NA,NA
"578",2021-10-12,"US_LA_22015",39,2,NA,NA,21471,392,NA,NA
"579",2021-10-13,"US_LA_22015",14,4,NA,NA,21485,396,NA,NA
"580",2021-10-14,"US_LA_22015",21,0,NA,NA,21506,396,NA,NA
"581",2021-10-15,"US_LA_22015",16,1,NA,NA,21522,397,NA,NA
"582",2021-10-16,"US_LA_22015",0,0,NA,NA,21522,397,NA,NA
"583",2021-10-17,"US_LA_22015",0,0,NA,NA,21522,397,NA,NA
"584",2021-10-18,"US_LA_22015",36,1,NA,NA,21558,398,NA,NA
"585",2021-10-19,"US_LA_22015",13,1,NA,NA,21571,399,NA,NA
"586",2021-10-20,"US_LA_22015",7,1,NA,NA,21578,400,NA,NA
"587",2021-10-21,"US_LA_22015",35,0,NA,NA,21613,400,NA,NA
"588",2021-10-22,"US_LA_22015",20,0,NA,NA,21633,400,NA,NA
"589",2021-10-23,"US_LA_22015",0,0,NA,NA,21633,400,NA,NA
"590",2021-10-24,"US_LA_22015",0,0,NA,NA,21633,400,NA,NA
"591",2021-10-25,"US_LA_22015",30,0,NA,NA,21663,400,NA,NA
"592",2021-10-26,"US_LA_22015",12,1,NA,NA,21675,401,NA,NA
"593",2021-10-27,"US_LA_22015",10,0,NA,NA,21685,401,NA,NA
"594",2021-10-28,"US_LA_22015",19,0,NA,NA,21704,401,NA,NA
"595",2021-10-29,"US_LA_22015",10,0,NA,NA,21714,401,NA,NA
"596",2021-10-30,"US_LA_22015",0,0,NA,NA,21714,401,NA,NA
"597",2021-10-31,"US_LA_22015",0,0,NA,NA,21714,401,NA,NA
"598",2021-11-01,"US_LA_22015",27,0,NA,NA,21741,401,NA,NA
"599",2021-11-02,"US_LA_22015",13,0,NA,NA,21754,401,NA,NA
"600",2021-11-03,"US_LA_22015",13,0,NA,NA,21767,401,NA,NA
"601",2021-11-04,"US_LA_22015",18,0,NA,NA,21785,401,NA,NA
"602",2021-11-05,"US_LA_22015",10,2,NA,NA,21795,403,NA,NA
"603",2021-11-06,"US_LA_22015",0,0,NA,NA,21795,403,NA,NA
"604",2021-11-07,"US_LA_22015",0,0,NA,NA,21795,403,NA,NA
"605",2021-11-08,"US_LA_22015",23,0,NA,NA,21818,403,NA,NA
"606",2021-11-09,"US_LA_22015",15,3,NA,NA,21833,406,NA,NA
"607",2021-11-10,"US_LA_22015",17,0,NA,NA,21850,406,NA,NA
"608",2021-11-11,"US_LA_22015",0,0,NA,NA,21850,406,NA,NA
"609",2021-11-12,"US_LA_22015",24,2,NA,NA,21874,408,NA,NA
"610",2021-11-13,"US_LA_22015",0,0,NA,NA,21874,408,NA,NA
"611",2021-11-14,"US_LA_22015",0,0,NA,NA,21874,408,NA,NA
"612",2021-11-15,"US_LA_22015",30,0,NA,NA,21904,408,NA,NA
"613",2021-11-16,"US_LA_22015",17,0,NA,NA,21921,408,NA,NA
"614",2021-11-17,"US_LA_22015",14,0,NA,NA,21935,408,NA,NA
"615",2021-11-18,"US_LA_22015",16,0,NA,NA,21951,408,NA,NA
"616",2021-11-19,"US_LA_22015",16,0,NA,NA,21967,408,NA,NA
"617",2021-11-20,"US_LA_22015",0,0,NA,NA,21967,408,NA,NA
"618",2021-11-21,"US_LA_22015",0,0,NA,NA,21967,408,NA,NA
"619",2021-11-22,"US_LA_22015",16,0,NA,NA,21983,408,NA,NA
"620",2021-11-23,"US_LA_22015",21,1,NA,NA,22004,409,NA,NA
"621",2021-11-24,"US_LA_22015",13,0,NA,NA,22017,409,NA,NA
"622",2021-11-25,"US_LA_22015",0,0,NA,NA,22017,409,NA,NA
"623",2021-11-26,"US_LA_22015",0,0,NA,NA,22017,409,NA,NA
"624",2021-11-27,"US_LA_22015",0,0,NA,NA,22017,409,NA,NA
"625",2021-11-28,"US_LA_22015",0,0,NA,NA,22017,409,NA,NA
"626",2021-11-29,"US_LA_22015",79,0,NA,NA,22096,409,NA,NA
"627",2021-11-30,"US_LA_22015",26,0,NA,NA,22122,409,NA,NA
"628",2021-12-01,"US_LA_22015",33,0,NA,NA,22155,409,NA,NA
"629",2021-12-02,"US_LA_22015",8,0,NA,NA,22163,409,NA,NA
"630",2021-12-03,"US_LA_22015",20,0,NA,NA,22183,409,NA,NA
"631",2021-12-04,"US_LA_22015",0,0,NA,NA,22183,409,NA,NA
"632",2021-12-05,"US_LA_22015",0,0,NA,NA,22183,409,NA,NA
"633",2021-12-06,"US_LA_22015",21,0,NA,NA,22204,409,NA,NA
"634",2021-12-07,"US_LA_22015",29,0,NA,NA,22233,409,NA,NA
"635",2021-12-08,"US_LA_22015",15,0,NA,NA,22248,409,NA,NA
"636",2021-12-09,"US_LA_22015",12,1,NA,NA,22260,410,NA,NA
"637",2021-12-10,"US_LA_22015",18,0,NA,NA,22278,410,NA,NA
"638",2021-12-11,"US_LA_22015",0,0,NA,NA,22278,410,NA,NA
"639",2021-12-12,"US_LA_22015",0,0,NA,NA,22278,410,NA,NA
"640",2021-12-13,"US_LA_22015",36,0,NA,NA,22314,410,NA,NA
"641",2021-12-14,"US_LA_22015",23,0,NA,NA,22337,410,NA,NA
"642",2021-12-15,"US_LA_22015",31,0,NA,NA,22368,410,NA,NA
"643",2021-12-16,"US_LA_22015",11,0,NA,NA,22379,410,NA,NA
"644",2021-12-17,"US_LA_22015",19,1,NA,NA,22398,411,NA,NA
"645",2021-12-18,"US_LA_22015",0,0,NA,NA,22398,411,NA,NA
"646",2021-12-19,"US_LA_22015",0,0,NA,NA,22398,411,NA,NA
"647",2021-12-20,"US_LA_22015",56,0,NA,NA,22454,411,NA,NA
"648",2021-12-21,"US_LA_22015",32,0,NA,NA,22486,411,NA,NA
"649",2021-12-22,"US_LA_22015",54,0,NA,NA,22540,411,NA,NA
"650",2021-12-23,"US_LA_22015",80,1,NA,NA,22620,412,NA,NA
"651",2021-12-24,"US_LA_22015",0,0,NA,NA,22620,412,NA,NA
"652",2021-12-25,"US_LA_22015",0,0,NA,NA,22620,412,NA,NA
"653",2021-12-26,"US_LA_22015",0,0,NA,NA,22620,412,NA,NA
"654",2021-12-27,"US_LA_22015",321,0,NA,NA,22941,412,NA,NA
"655",2021-12-28,"US_LA_22015",159,0,NA,NA,23100,412,NA,NA
"656",2021-12-29,"US_LA_22015",252,1,NA,NA,23352,413,NA,NA
"657",2021-12-30,"US_LA_22015",370,0,NA,NA,23722,413,NA,NA
"658",2021-12-31,"US_LA_22015",0,0,NA,NA,23722,413,NA,NA
"659",2022-01-01,"US_LA_22015",0,0,NA,NA,23722,413,NA,NA
"660",2022-01-02,"US_LA_22015",0,0,NA,NA,23722,413,NA,NA
"661",2022-01-03,"US_LA_22015",920,1,NA,NA,24642,414,NA,NA
"662",2022-01-04,"US_LA_22015",210,0,NA,NA,24852,414,NA,NA
"663",2022-01-05,"US_LA_22015",358,0,NA,NA,25210,414,NA,NA
"664",2022-01-06,"US_LA_22015",407,0,NA,NA,25617,414,NA,NA
"665",2022-01-07,"US_LA_22015",409,1,NA,NA,26026,415,NA,NA
"666",2022-01-08,"US_LA_22015",0,0,NA,NA,26026,415,NA,NA
"667",2022-01-09,"US_LA_22015",0,0,NA,NA,26026,415,NA,NA
"668",2022-01-10,"US_LA_22015",1085,1,NA,NA,27111,416,NA,NA
"669",2022-01-11,"US_LA_22015",411,0,NA,NA,27522,416,NA,NA
"670",2022-01-12,"US_LA_22015",0,0,NA,NA,27522,416,NA,NA
"671",2022-01-13,"US_LA_22015",0,1,NA,NA,27522,417,NA,NA
"672",2022-01-14,"US_LA_22015",1827,0,NA,NA,29349,417,NA,NA
"673",2022-01-15,"US_LA_22015",0,0,NA,NA,29349,417,NA,NA
"674",2022-01-16,"US_LA_22015",0,0,NA,NA,29349,417,NA,NA
"675",2022-01-17,"US_LA_22015",0,0,NA,NA,29349,417,NA,NA
"676",2022-01-18,"US_LA_22015",1119,2,NA,NA,30468,419,NA,NA
"677",2022-01-19,"US_LA_22015",450,6,NA,NA,30918,425,NA,NA
"678",2022-01-20,"US_LA_22015",483,0,NA,NA,31401,425,NA,NA
"679",2022-01-21,"US_LA_22015",356,1,NA,NA,31757,426,NA,NA
"680",2022-01-22,"US_LA_22015",0,0,NA,NA,31757,426,NA,NA
"681",2022-01-23,"US_LA_22015",0,0,NA,NA,31757,426,NA,NA
"682",2022-01-24,"US_LA_22015",672,1,NA,NA,32429,427,NA,NA
"683",2022-01-25,"US_LA_22015",201,4,NA,NA,32630,431,NA,NA
"684",2022-01-26,"US_LA_22015",2079,0,NA,NA,34709,431,NA,NA
"685",2022-01-27,"US_LA_22015",402,0,NA,NA,35111,431,NA,NA
"686",2022-01-28,"US_LA_22015",198,1,NA,NA,35309,432,NA,NA
"687",2022-01-29,"US_LA_22015",0,0,NA,NA,35309,432,NA,NA
"688",2022-01-30,"US_LA_22015",0,0,NA,NA,35309,432,NA,NA
"689",2022-01-31,"US_LA_22015",430,0,NA,NA,35739,432,NA,NA
"690",2022-02-01,"US_LA_22015",190,1,NA,NA,35929,433,NA,NA
"691",2022-02-02,"US_LA_22015",171,3,NA,NA,36100,436,NA,NA
"692",2022-02-03,"US_LA_22015",294,2,NA,NA,36394,438,NA,NA
"693",2022-02-04,"US_LA_22015",92,0,NA,NA,36486,438,NA,NA
"694",2022-02-05,"US_LA_22015",0,0,NA,NA,36486,438,NA,NA
"695",2022-02-06,"US_LA_22015",0,0,NA,NA,36486,438,NA,NA
"696",2022-02-07,"US_LA_22015",142,0,NA,NA,36628,438,NA,NA
"697",2022-02-08,"US_LA_22015",85,2,NA,NA,36713,440,NA,NA
"698",2022-02-09,"US_LA_22015",67,0,NA,NA,36780,440,NA,NA
"699",2022-02-10,"US_LA_22015",55,4,NA,NA,36835,444,NA,NA
"700",2022-02-11,"US_LA_22015",38,1,NA,NA,36873,445,NA,NA
"701",2022-02-12,"US_LA_22015",0,0,NA,NA,36873,445,NA,NA
"702",2022-02-13,"US_LA_22015",0,0,NA,NA,36873,445,NA,NA
"703",2022-02-14,"US_LA_22015",82,1,NA,NA,36955,446,NA,NA
"704",2022-02-15,"US_LA_22015",35,2,NA,NA,36990,448,NA,NA
"705",2022-02-16,"US_LA_22015",38,5,NA,NA,37028,453,NA,NA
"706",2022-02-17,"US_LA_22015",76,0,NA,NA,37104,453,NA,NA
"707",2022-02-18,"US_LA_22015",37,1,NA,NA,37141,454,NA,NA
"708",2022-02-19,"US_LA_22015",0,0,NA,NA,37141,454,NA,NA
"709",2022-02-20,"US_LA_22015",0,0,NA,NA,37141,454,NA,NA
"710",2022-02-21,"US_LA_22015",47,1,NA,NA,37188,455,NA,NA
"711",2022-02-22,"US_LA_22015",25,1,NA,NA,37213,456,NA,NA
"712",2022-02-23,"US_LA_22015",22,1,NA,NA,37235,457,NA,NA
"713",2022-02-24,"US_LA_22015",18,2,NA,NA,37253,459,NA,NA
"714",2022-02-25,"US_LA_22015",13,2,NA,NA,37266,461,NA,NA
"715",2022-02-26,"US_LA_22015",0,0,NA,NA,37266,461,NA,NA
"716",2022-02-27,"US_LA_22015",0,0,NA,NA,37266,461,NA,NA
"717",2022-02-28,"US_LA_22015",0,0,NA,NA,37266,461,NA,NA
